term,df,sumsq,meansq,statistic,p.value
Treat,4,1731.727888901879,432.93197222546974,1.7624256492201975,0.15192642649615581
taxa,1,2150.5827873371995,2150.5827873371995,8.754821792650135,0.0047829259010820895
Acetic_acid,2,124.6554423051447,62.32772115257235,0.2537303351657504,0.7769350809337793
Treat:taxa,4,234.24246934092204,58.56061733523051,0.23839480714542463,0.9152539579646852
Residuals,48,11790.9851550431,245.64552406339791,NA,NA
