taxa,term,df,sumsq,meansq,statistic,p.value
Perna,Treat,4,814.4665751059392,203.6166437764848,1.3813881347273627,0.26886220777586445
Perna,Residuals,25,3685.000592115835,147.4000236846334,NA,NA
Mytilus,Treat,4,9.127290600758704,2.281822650189676,1.3114937323892353,0.29288480269898853
Mytilus,Residuals,25,43.49663658004541,1.7398654632018165,NA,NA
