sp,term,df,sumsq,meansq,statistic,p.value
Perna,Time_in_bath,1,797.8108087456529,797.8108087456529,2.2749806237394576,0.14452924155952115
Perna,factor(Acetic_acid),2,656.1976754432643,328.09883772163215,0.9355833366831618,0.40620263273504803
Perna,Time_in_bath:factor(Acetic_acid),2,1955.108228184934,977.554114092467,2.7875238638514763,0.08155103000812088
Perna,Residuals,24,8416.53735864457,350.6890566101904,,
Mytilus,Time_in_bath,1,573.0478903697792,573.0478903697792,4.380982727566549,0.04624522482780232
Mytilus,factor(Acetic_acid),2,668.542113212126,334.271056606063,2.555520664026184,0.09699836248997698
Mytilus,Residuals,26,3400.891095932296,130.8035036897037,,
