term,df,sumsq,meansq,statistic,p.value
Time_in_bath,2,1573.7037037037114,786.8518518518557,4.058261700095531,0.02053601235136902
size,2,219.2592592592605,109.62962962963024,0.5654250238777491,0.5701235315142025
Acetic_acid,4,25382.592592592646,6345.6481481481615,32.72827125119396,7.814660975220594e-17
Time_in_bath:size,4,1434.0740740740732,358.5185185185183,1.8490926456542491,0.1263714916698208
Time_in_bath:Acetic_acid,8,1265.1851851851795,158.14814814814744,0.8156638013371501,0.590688670367969
size:Acetic_acid,8,4130.740740740714,516.3425925925892,2.6630850047755317,0.011357734932225578
Time_in_bath:size:Acetic_acid,16,2788.148148148159,174.25925925925995,0.8987583572110829,0.5727018980614436
Residuals,90,17450,193.88888888888889,,
